-- Insert into person
INSERT INTO person (person_number, first_name, last_name, address) VALUES
('9508231921', 'Ali', 'Rezaei', '221B Baker Street, London'),
('9203152847', 'Sara', 'Mohammadi', '742 Evergreen Terrace, London'),
('8805093742', 'Hassan', 'Karimi', '1600 Pennsylvania Avenue NW, London'),
('9707184823', 'Zahra', 'Ghasemi', '10 Downing Street, London'),
('8902261937', 'Reza', 'Naghavi', '221A Baker Street, London'),
('9301013741', 'Maryam', 'Fakharian', '45 Soho Square, London'),
('9902035821', 'Sina', 'Mokhtari', '10 Piccadilly Circus, London'),
('8807112345', 'Parisa', 'Ahmadi', '50 Oxford Street, London'),
('8901234567', 'Nima', 'Shirazi', '25 Trafalgar Square, London'),
('8605039123', 'Farhad', 'Rasouli', '77 Regent Street, London'),
('8504015678', 'Elham', 'Najafi', '88 Covent Garden, London'),
('9001011234', 'Amir', 'Hosseini', '100 King Street, London'),
('9012025678', 'Leila', 'Hashemi', '200 Queen Street, London'),
('8803051928', 'Shirin', 'Javadi', '300 Prince Street, London'),
('8707103749', 'Kian', 'Danesh', '400 Duke Street, London'),
('8605128493', 'Arman', 'Nikbakht', '500 Earl Street, London'),
('9110112837', 'Neda', 'Bagheri', '600 Knight Street, London'),
('9212024765', 'Omid', 'Fakhri', '700 Lady Street, London'),
('9102037482', 'Aida', 'Ranjbar', '800 Baron Street, London'),
('9407123841', 'Reyhaneh', 'Amini', '90 Sunset Blvd, London'),
('9308105634', 'Mehrdad', 'Ghafouri', '12 Baker Crescent, London'),
('9506037281', 'Nasim', 'Azimi', '78 Kensington Street, London'),
('9408159345', 'Soroush', 'Zamani', '45 Waterloo Road, London'),
('9509121834', 'Shahin', 'Bahrami', '34 Victoria Street, London'),
('9705132948', 'Parvaneh', 'Ramezani', '56 City Road, London'),
('9602103941', 'Kaveh', 'Rahmani', '18 Churchill Avenue, London'),
('9807091847', 'Golnaz', 'Jafari', '89 Regent Street, London'),
('9706012834', 'Ramin', 'Esfandiari', '11 Fleet Street, London'),
('9902034758', 'Yasmin', 'Shojaei', '99 Highgate Lane, London'),
('9103014567', 'Peyman', 'Soltani', '88 Camden Road, London'),
('8902023748', 'Navid', 'Khosravi', '65 Holloway Road, London'),
('8805049371', 'Roya', 'Afshar', '33 Paddington Lane, London'),
('8906112837', 'Babak', 'Kiani', '44 Chelsea Walk, London'),
('8707091842', 'Taraneh', 'Shahabi', '77 Oxford Street, London'),
('9205123945', 'Pouya', 'Naderi', '55 Strand, London'),
('9407042938', 'Niloofar', 'Rahnama', '66 Marylebone Road, London'),
('9608031927', 'Hooman', 'Sadeghi', '78 Westminster Avenue, London'),
('9705092938', 'Ehsan', 'Ahmadian', '21 King Cross Street, London'),
('9503105834', 'Shabnam', 'Noori', '15 Bishopsgate, London');

-- Insert into phone
INSERT INTO phone (phone_number) VALUES
('076-4464955'), -- Ali
('076-4464932'), -- Sara
('076-4464991'), -- Hassan
('076-4464923'), -- Zahra
('076-4464987'), -- Reza
('076-4464976'), -- Maryam
('076-4464911'), -- Sina
('076-4464909'), -- Parisa
('076-4464944'), -- Nima
('076-4464928'), -- Farhad
('076-4464998'), -- Elham
('076-1112233'), -- Amir
('076-2223344'), -- Leila
('076-3334455'), -- Shirin
('076-4445566'), -- Kian
('076-5556677'), -- Arman
('076-6667788'), -- Neda
('076-7778899'), -- Omid
('076-8889900'), -- Aida
('076-1234561'), -- Reyhaneh
('076-1234562'), -- Mehrdad
('076-1234563'), -- Nasim
('076-1234564'), -- Soroush
('076-1234565'), -- Shahin
('076-1234566'), -- Parvaneh
('076-1234567'), -- Kaveh
('076-1234568'), -- Golnaz
('076-1234569'), -- Ramin
('076-1234570'), -- Yasmin
('076-1234571'), -- Peyman
('076-1234572'), -- Navid
('076-1234573'), -- Roya
('076-1234574'), -- Babak
('076-1234575'), -- Taraneh
('076-1234576'), -- Pouya
('076-1234577'), -- Niloofar
('076-1234578'), -- Hooman
('076-1234579'), -- Ehsan
('076-1234580'); -- Shabnam

-- Insert into email
INSERT INTO email (email_address) VALUES
('ali.rezaei@example.com'),
('sara.mohammadi@example.com'),
('hassan.karimi@example.com'),
('zahra.ghasemi@example.com'),
('reza.naghavi@example.com'),
('maryam.fakharian@example.com'),
('sina.mokhtari@example.com'),
('parisa.ahmadi@example.com'),
('nima.shirazi@example.com'),
('farhad.rasouli@example.com'),
('elham.najafi@example.com'),
('amir.hosseini@example.com'),
('leila.hashemi@example.com'),
('shirin.javadi@example.com'),
('kian.danesh@example.com'),
('arman.nikbakht@example.com'),
('neda.bagheri@example.com'),
('omid.fakhri@example.com'),
('aida.ranjbar@example.com'),
('reyhaneh.amini@example.com'),
('mehrdad.ghafouri@example.com'),
('nasim.azimi@example.com'),
('soroush.zamani@example.com'),
('shahin.bahrami@example.com'),
('parvaneh.ramezani@example.com'),
('kaveh.rahmani@example.com'),
('golnaz.jafari@example.com'),
('ramin.esfandiari@example.com'),
('yasmin.shojaei@example.com'),
('peyman.soltani@example.com'),
('navid.khosravi@example.com'),
('roya.afshar@example.com'),
('babak.kiani@example.com'),
('taraneh.shahabi@example.com'),
('pouya.naderi@example.com'),
('niloofar.rahnama@example.com'),
('hooman.sadeghi@example.com'),
('ehsan.ahmadian@example.com'),
('shabnam.noori@example.com');

-- Insert into person_phone
INSERT INTO person_phone (person_id, phone_id) VALUES
(1001, 2001), -- Ali
(1002, 2002), -- Sara
(1003, 2003), -- Hassan
(1004, 2004), -- Zahra
(1005, 2005), -- Reza
(1006, 2006), -- Maryam
(1007, 2007), -- Sina
(1008, 2008), -- Parisa
(1009, 2009), -- Nima
(1010, 2010), -- Farhad
(1011, 2011), -- Elham
(1012, 2012), -- Amir
(1013, 2013), -- Leila
(1014, 2014), -- Shirin
(1015, 2015), -- Kian
(1016, 2016), -- Arman
(1017, 2017), -- Neda
(1018, 2018), -- Omid
(1019, 2019), -- Aida
(1020, 2020), -- Reyhaneh
(1021, 2021), -- Mehrdad
(1022, 2022), -- Nasim
(1023, 2023), -- Soroush
(1024, 2024), -- Shahin
(1025, 2025), -- Parvaneh
(1026, 2026), -- Kaveh
(1027, 2027), -- Golnaz
(1028, 2028), -- Ramin
(1029, 2029), -- Yasmin
(1030, 2030), -- Peyman
(1031, 2031), -- Navid
(1032, 2032), -- Roya
(1033, 2033), -- Babak
(1034, 2034), -- Taraneh
(1035, 2035), -- Pouya
(1036, 2036), -- Niloofar
(1037, 2037), -- Hooman
(1038, 2038), -- Ehsan
(1039, 2039); -- Shabnam

-- Insert into person_email
INSERT INTO person_email (person_id, email_id) VALUES
(1001, 3001), -- Ali
(1002, 3002), -- Sara
(1003, 3003), -- Hassan
(1004, 3004), -- Zahra
(1005, 3005), -- Reza
(1006, 3006), -- Maryam
(1007, 3007), -- Sina
(1008, 3008), -- Parisa
(1009, 3009), -- Nima
(1010, 3010), -- Farhad
(1011, 3011), -- Elham
(1012, 3012), -- Amir
(1013, 3013), -- Leila
(1014, 3014), -- Shirin
(1015, 3015), -- Kian
(1016, 3016), -- Arman
(1017, 3017), -- Neda
(1018, 3018), -- Omid
(1019, 3019), -- Aida
(1020, 3020), -- Reyhaneh
(1021, 3021), -- Mehrdad
(1022, 3022), -- Nasim
(1023, 3023), -- Soroush
(1024, 3024), -- Shahin
(1025, 3025), -- Parvaneh
(1026, 3026), -- Kaveh
(1027, 3027), -- Golnaz
(1028, 3028), -- Ramin
(1029, 3029), -- Yasmin
(1030, 3030), -- Peyman
(1031, 3031), -- Navid
(1032, 3032), -- Roya
(1033, 3033), -- Babak
(1034, 3034), -- Taraneh
(1035, 3035), -- Pouya
(1036, 3036), -- Niloofar
(1037, 3037), -- Hooman
(1038, 3038), -- Ehsan
(1039, 3039); -- Shabnam


-- Insert into student
INSERT INTO student (person_id, enrollment_date, grade_level) VALUES
(1001, '2023-01-15', 'Beginner'),      -- Ali
(1002, '2023-02-10', 'Intermediate'), -- Sara
(1003, '2023-03-05', 'Advanced'),     -- Hassan
(1004, '2023-04-20', 'Beginner'),     -- Zahra
(1005, '2023-05-25', 'Intermediate'), -- Reza
(1006, '2023-06-01', 'Beginner'),     -- Maryam
(1007, '2023-07-01', 'Intermediate'), -- Sina
(1008, '2023-08-05', 'Advanced'),     -- Parisa
(1009, '2023-09-10', 'Beginner'),     -- Nima
(1010, '2023-10-01', 'Intermediate'), -- Farhad
(1011, '2023-11-15', 'Advanced'),     -- Elham
(1012, '2023-01-10', 'Beginner'),     -- Amir
(1013, '2023-02-25', 'Intermediate'), -- Leila
(1014, '2023-03-30', 'Advanced'),     -- Shirin
(1015, '2023-04-05', 'Beginner'),     -- Kian
(1016, '2023-05-10', 'Intermediate'), -- Arman
(1017, '2023-06-20', 'Advanced'),     -- Neda
(1018, '2023-07-15', 'Beginner'),     -- Omid
(1019, '2023-08-05', 'Intermediate'), -- Aida
(1020, '2023-09-01', 'Beginner'),     -- Reyhaneh
(1021, '2023-09-10', 'Intermediate'), -- Mehrdad
(1022, '2023-10-01', 'Advanced'),     -- Nasim
(1023, '2023-11-05', 'Beginner'),     -- Soroush
(1024, '2023-12-01', 'Intermediate'), -- Shahin
(1025, '2024-01-10', 'Advanced'),     -- Parvaneh
(1026, '2024-02-15', 'Beginner'),     -- Kaveh
(1027, '2024-03-01', 'Intermediate'), -- Golnaz
(1028, '2024-03-20', 'Advanced'),     -- Ramin
(1029, '2024-04-05', 'Beginner'),     -- Yasmin
(1030, '2024-05-01', 'Intermediate'), -- Peyman
(1031, '2024-05-20', 'Advanced'),     -- Navid
(1032, '2024-06-10', 'Beginner'),     -- Roya
(1033, '2024-06-25', 'Intermediate'), -- Babak
(1034, '2024-07-01', 'Advanced'),     -- Taraneh
(1035, '2024-07-15', 'Beginner'),     -- Pouya
(1036, '2024-08-05', 'Intermediate'), -- Niloofar
(1037, '2024-08-20', 'Advanced'),     -- Hooman
(1038, '2024-09-01', 'Beginner'),     -- Ehsan
(1039, '2024-09-15', 'Intermediate'); -- Shabnam

-- Insert into contact_person
-- Insert into contact_person
INSERT INTO contact_person (person_id, relationship_to_student) VALUES
(1001, 'Parent'),  -- Ali's parent
(1002, 'Parent'),  -- Sara's parent
(1003, 'Parent'),  -- Hassan's parent
(1004, 'Parent'),  -- Zahra's parent
(1005, 'Parent'),  -- Reza's parent
(1006, 'Guardian'), -- Maryam's guardian
(1007, 'Parent'),  -- Sina's parent
(1008, 'Parent'),  -- Parisa's parent
(1009, 'Parent'),  -- Nima's parent
(1010, 'Parent'),  -- Farhad's parent
(1011, 'Parent'),  -- Elham's parent
(1012, 'Parent'),  -- Amir's parent
(1013, 'Parent'),  -- Leila's parent
(1014, 'Parent'),  -- Shirin's parent
(1015, 'Guardian'), -- Kian's guardian
(1016, 'Parent'),  -- Arman's parent
(1017, 'Parent'),  -- Neda's parent
(1018, 'Parent'),  -- Omid's parent
(1019, 'Parent'),  -- Aida's parent
(1020, 'Parent'),  -- Reyhaneh's parent
(1021, 'Parent'),  -- Mehrdad's parent
(1022, 'Parent'),  -- Nasim's parent
(1023, 'Parent'),  -- Soroush's parent
(1024, 'Parent'),  -- Shahin's parent
(1025, 'Parent'),  -- Parvaneh's parent
(1026, 'Parent'),  -- Kaveh's parent
(1027, 'Parent'),  -- Golnaz's parent
(1028, 'Parent'),  -- Ramin's parent
(1029, 'Parent'),  -- Yasmin's parent
(1030, 'Parent'),  -- Peyman's parent
(1031, 'Parent'),  -- Navid's parent
(1032, 'Parent'),  -- Roya's parent
(1033, 'Parent'),  -- Babak's parent
(1034, 'Parent'),  -- Taraneh's parent
(1035, 'Parent'),  -- Pouya's parent
(1036, 'Parent'),  -- Niloofar's parent
(1037, 'Parent'),  -- Hooman's parent
(1038, 'Parent');  -- Ehsan's parent


-- Insert into instructor

-- Maryam Fakharian
INSERT INTO instructor (person_id, hire_date, specialization) VALUES
(1006, '2022-06-01', 'Piano'),
(1007, '2022-07-01', 'Guitar'),
(1008, '2022-08-01', 'Violin'),
(1009, '2022-09-01', 'Flute');













-- Insert into student_contact_person
-- Insert into student_contact_person
INSERT INTO student_contact_person (student_id, contact_person_id, relationship_type) VALUES
(4001, 6001, 'Parent'),  -- Ali's contact person
(4002, 6002, 'Parent'),  -- Sara's contact person
(4003, 6003, 'Parent'),  -- Hassan's contact person
(4004, 6004, 'Parent'),  -- Zahra's contact person
(4005, 6005, 'Parent'),  -- Reza's contact person
(4006, 6006, 'Guardian'), -- Maryam's guardian
(4007, 6007, 'Parent'),  -- Sina's contact person
(4008, 6008, 'Parent'),  -- Parisa's contact person
(4009, 6009, 'Parent'),  -- Nima's contact person
(4010, 6010, 'Parent'),  -- Farhad's contact person
(4011, 6011, 'Parent'),  -- Elham's contact person
(4012, 6012, 'Parent'),  -- Amir's contact person
(4013, 6013, 'Parent'),  -- Leila's contact person
(4014, 6014, 'Parent'),  -- Shirin's contact person
(4015, 6015, 'Guardian'), -- Kian's guardian
(4016, 6016, 'Parent'),  -- Arman's contact person
(4017, 6017, 'Parent'),  -- Neda's contact person
(4018, 6018, 'Parent'),  -- Omid's contact person
(4019, 6019, 'Parent'),  -- Aida's contact person
(4020, 6020, 'Parent'),  -- Reyhaneh's contact person
(4021, 6021, 'Parent'),  -- Mehrdad's contact person
(4022, 6022, 'Parent'),  -- Nasim's contact person
(4023, 6023, 'Parent'),  -- Soroush's contact person
(4024, 6024, 'Parent'),  -- Shahin's contact person
(4025, 6025, 'Parent'),  -- Parvaneh's contact person
(4026, 6026, 'Parent'),  -- Kaveh's contact person
(4027, 6027, 'Parent'),  -- Golnaz's contact person
(4028, 6028, 'Parent'),  -- Ramin's contact person
(4029, 6029, 'Parent'),  -- Yasmin's contact person
(4030, 6030, 'Parent'),  -- Peyman's contact person
(4031, 6031, 'Parent'),  -- Navid's contact person
(4032, 6032, 'Parent'),  -- Roya's contact person
(4033, 6033, 'Parent'),  -- Babak's contact person
(4034, 6034, 'Parent'),  -- Taraneh's contact person
(4035, 6035, 'Parent'),  -- Pouya's contact person
(4036, 6036, 'Parent'),  -- Niloofar's contact person
(4037, 6037, 'Parent'),  -- Hooman's contact person
(4038, 6038, 'Parent');  -- Ehsan's contact person







-- Insert into sibling
-- Insert into sibling
INSERT INTO sibling (student_id1, student_id2) VALUES
(4001, 4002), -- Ali and Sara are siblings (1 sibling for each)
(4003, 4004), -- Hassan and Zahra are siblings (1 sibling for each)
(4005, 4006), -- Reza and Maryam are siblings (1 sibling for each)
(4001, 4007), -- Ali and Parisa are siblings (2 siblings for Ali)
(4002, 4007), -- Sara and Parisa are siblings (2 siblings for Sara)
(4003, 4005), -- Hassan and Reza are siblings (2 siblings for Hassan and Reza)
(4008, 4009), -- Sina and Nima are siblings (1 sibling for each)
(4010, 4011), -- Farhad and Elham are siblings (1 sibling for each)
(4012, 4013), -- Amir and Leila are siblings (1 sibling for each)
(4014, 4015), -- Shirin and Kian are siblings (1 sibling for each)
(4016, 4017), -- Arman and Neda are siblings (1 sibling for each)
(4018, 4019); -- Omid and Aida are siblings (1 sibling for each)

-- Insert into level
INSERT INTO student_level (level_name) VALUES
('Beginner'),
('Intermediate'),
('Advanced'),
('Expert');






-- Insert into pricing_scheme
INSERT INTO pricing_scheme (lesson_type, level_id, price_per_lesson, effective_from, effective_to) VALUES
('Individual', 7001, 20.00, '2023-01-01', '2023-12-31'),
('Group', 7002, 15.00, '2023-01-01', '2023-12-31'),
('Ensemble', 7003, 25.00, '2023-01-01', '2023-12-31'),
('Individual', 7004, 30.00, '2024-01-01', '2024-12-31');





-- Insert into instrument
INSERT INTO instrument (instrument_name, brand, instrument_type, quantity_in_stock, rental_price_per_month) VALUES
('Guitar', 'Yamaha', 'String', 10, 50.00),
('Piano', 'Steinway', 'Keyboard', 5, 100.00),
('Violin', 'Stradivarius', 'String', 7, 75.00),
('Flute', 'Yamaha', 'Wind', 8, 40.00),
('Drum Set', 'Pearl', 'Percussion', 3, 150.00),
('Trumpet', 'Bach', 'Wind', 6, 45.00),
('Saxophone', 'Selmer', 'Wind', 4, 80.00);




-- Corrected insert statements for lesson table
-- Insert into lesson
INSERT INTO lesson (level_id, instructor_id, pricing_scheme_id) VALUES
(7001, 5001, 8001), -- Beginner lesson by Instructor 5001
(7002, 5002, 8002), -- Intermediate lesson by Instructor 5002
(7003, 5003, 8003), -- Advanced lesson by Instructor 5003
(7004, 5004, 8004), -- Expert lesson by Instructor 5004
(7001, 5001, 8002), -- Additional Beginner lesson by Instructor 5001 with Intermediate pricing
(7002, 5002, 8003), -- Intermediate lesson by Instructor 5002 with Advanced pricing
(7003, 5003, 8004), -- Advanced lesson by Instructor 5003 with Expert pricing
(7004, 5004, 8001), -- Expert lesson by Instructor 5004 with Beginner pricing
(7001, 5001, 8003); -- Beginner lesson by Instructor 5001 with Advanced pricing



-- Insert into lesson_instrument
INSERT INTO lesson_instrument (lesson_id, instrument_id) VALUES
(9001, 14001),
(9002, 14002),
(9003, 14003),
(9004, 14004),
(9005, 14005),
(9006, 14001),
(9007, 14002),
(9008, 14003);
-- Insert into student_lesson
INSERT INTO student_lesson (student_id, lesson_id) VALUES
(4001, 9001),
(4002, 9002),
(4003, 9003),
(4004, 9005),
(4005, 9001),
(4006, 9004),
(4007, 9002);




-- Insert into individual_lesson
INSERT INTO individual_lesson (lesson_id, appointment_time) VALUES
(9001, '10:00:00'),
(9004, '14:00:00'),
(9005, '16:30:00'),
(9006, '09:00:00'),
(9007, '11:00:00'),
(9008, '13:00:00');



-- Insert into group_lesson
INSERT INTO group_lesson (lesson_id, max_students, min_students) VALUES
(9001, 10, 5), -- Large group lesson
(9002, 6, 3),  -- Medium group lesson
(9003, 8, 4),  -- Small group lesson
(9004, 12, 6), -- Large group lesson
(9005, 10, 5); -- Another large group



-- Insert into ensemble_lesson
INSERT INTO ensemble_lesson (lesson_id, target_genre, max_students, min_students) VALUES
(9006, 'Gospel', 6, 3), 
(9007, 'Punk', 5, 3), 
(9008, 'Rock', 4, 2), 
(9009, 'Jazz', 8, 4);












--- Insert into booking
-- Fully booked Gospel ensemble
INSERT INTO booking (student_id, lesson_id, booking_date, scheduled_date_time, duration, status) VALUES
(4002, 9008, '2024-12-03', '2024-12-03 18:00:00', 120, 'Confirmed'),
(4003, 9008, '2024-12-03', '2024-12-03 18:00:00', 120, 'Confirmed'),
(4004, 9008, '2024-12-03', '2024-12-03 18:00:00', 120, 'Confirmed'),
(4002, 9002, '2024-02-15', '2024-02-15 14:00:00', 120, 'Confirmed'),
(4003, 9002, '2024-02-15', '2024-02-14 14:00:00', 120, 'Confirmed'),
(4004, 9005, '2024-02-17', '2024-02-14 12:00:00', 120, 'Confirmed'),
(4003, 9003, '2024-03-20', '2024-03-20 16:00:00', 120, 'Confirmed'),
(4004, 9004, '2024-04-25', '2024-04-25 18:00:00', 120, 'Confirmed'),
(4005, 9005, '2024-04-15', '2024-04-25 18:00:00', 120, 'Confirmed'),
(4005, 9005, '2024-05-05', '2024-05-05 10:00:00', 120, 'Confirmed'),
(4006, 9003, '2024-06-10', '2024-06-10 12:00:00', 120, 'Confirmed'),
(4007, 9002, '2024-07-15', '2024-07-15 14:00:00', 120, 'Confirmed'),
(4001, 9005, '2024-08-20', '2024-08-20 16:00:00', 120, 'Confirmed'),
(4002, 9004, '2024-09-25', '2024-09-25 18:00:00', 120, 'Confirmed'),
(4003, 9001, '2024-10-05', '2024-10-05 10:00:00', 120, 'Confirmed');
(4001, 9006, DATE_ADD(CURRENT_DATE(), INTERVAL 1 DAY), CONCAT(DATE_ADD(CURRENT_DATE(), INTERVAL 1 DAY), ' 10:00:00'), 120, 'Confirmed'),
(4002, 9006, DATE_ADD(CURRENT_DATE(), INTERVAL 1 DAY), CONCAT(DATE_ADD(CURRENT_DATE(), INTERVAL 1 DAY), ' 10:00:00'), 120, 'Confirmed'),
(4003, 9006, DATE_ADD(CURRENT_DATE(), INTERVAL 1 DAY), CONCAT(DATE_ADD(CURRENT_DATE(), INTERVAL 1 DAY), ' 10:00:00'), 120, 'Confirmed'),
(4004, 9006, DATE_ADD(CURRENT_DATE(), INTERVAL 1 DAY), CONCAT(DATE_ADD(CURRENT_DATE(), INTERVAL 1 DAY), ' 10:00:00'), 120, 'Confirmed'),
(4005, 9006, DATE_ADD(CURRENT_DATE(), INTERVAL 1 DAY), CONCAT(DATE_ADD(CURRENT_DATE(), INTERVAL 1 DAY), ' 10:00:00'), 120, 'Confirmed'),
(4006, 9006, DATE_ADD(CURRENT_DATE(), INTERVAL 1 DAY), CONCAT(DATE_ADD(CURRENT_DATE(), INTERVAL 1 DAY), ' 10:00:00'), 120, 'Confirmed');

-- Punk ensemble with 1 seat left
INSERT INTO booking (student_id, lesson_id, booking_date, scheduled_date_time, duration, status) VALUES
(4007, 9007, DATE_ADD(CURRENT_DATE(), INTERVAL 2 DAY), CONCAT(DATE_ADD(CURRENT_DATE(), INTERVAL 2 DAY), ' 12:00:00'), 120, 'Confirmed'),
(4008, 9007, DATE_ADD(CURRENT_DATE(), INTERVAL 2 DAY), CONCAT(DATE_ADD(CURRENT_DATE(), INTERVAL 2 DAY), ' 12:00:00'), 120, 'Confirmed'),
(4009, 9007, DATE_ADD(CURRENT_DATE(), INTERVAL 2 DAY), CONCAT(DATE_ADD(CURRENT_DATE(), INTERVAL 2 DAY), ' 12:00:00'), 120, 'Confirmed'),
(4010, 9007, DATE_ADD(CURRENT_DATE(), INTERVAL 2 DAY), CONCAT(DATE_ADD(CURRENT_DATE(), INTERVAL 2 DAY), ' 12:00:00'), 120, 'Confirmed');

-- Rock ensemble with many seats left
INSERT INTO booking (student_id, lesson_id, booking_date, scheduled_date_time, duration, status) VALUES
(4011, 9008, DATE_ADD(CURRENT_DATE(), INTERVAL 3 DAY), CONCAT(DATE_ADD(CURRENT_DATE(), INTERVAL 3 DAY), ' 14:00:00'), 120, 'Confirmed');

-- Jazz ensemble with 2 seats left
INSERT INTO booking (student_id, lesson_id, booking_date, scheduled_date_time, duration, status) VALUES
(4012, 9009, DATE_ADD(CURRENT_DATE(), INTERVAL 4 DAY), CONCAT(DATE_ADD(CURRENT_DATE(), INTERVAL 4 DAY), ' 16:00:00'), 120, 'Confirmed'),
(4013, 9009, DATE_ADD(CURRENT_DATE(), INTERVAL 4 DAY), CONCAT(DATE_ADD(CURRENT_DATE(), INTERVAL 4 DAY), ' 16:00:00'), 120, 'Confirmed'),
(4014, 9009, DATE_ADD(CURRENT_DATE(), INTERVAL 4 DAY), CONCAT(DATE_ADD(CURRENT_DATE(), INTERVAL 4 DAY), ' 16:00:00'), 120, 'Confirmed'),
(4015, 9009, DATE_ADD(CURRENT_DATE(), INTERVAL 4 DAY), CONCAT(DATE_ADD(CURRENT_DATE(), INTERVAL 4 DAY), ' 16:00:00'), 120, 'Confirmed'),
(4016, 9009, DATE_ADD(CURRENT_DATE(), INTERVAL 4 DAY), CONCAT(DATE_ADD(CURRENT_DATE(), INTERVAL 4 DAY), ' 16:00:00'), 120, 'Confirmed'),
(4017, 9009, DATE_ADD(CURRENT_DATE(), INTERVAL 4 DAY), CONCAT(DATE_ADD(CURRENT_DATE(), INTERVAL 4 DAY), ' 16:00:00'), 120, 'Confirmed');



-- Insert into rental
INSERT INTO rental (student_id, instrument_id, rental_start_date, rental_end_date) VALUES
(4001, 14001, '2024-06-01', '2024-09-30'), -- Ali renting a Guitar
(4002, 14002, '2024-07-01', '2024-08-31'), -- Sara renting a Piano
(4006, 14003, '2024-12-01', '2024-12-31'), -- Zahra renting a Violin
(4003, 14004, '2024-10-01', '2024-12-31'), -- Hassan renting a Flute
(4004, 14005, '2024-09-01', '2024-11-30'), -- Reza renting a Drum Set
(4005, 14002, '2024-08-01', '2024-10-31');-- Maryam renting a Piano again
